Workbook

Sheet Receptformat
B2: Namn | I2: Bild
C3: Falsk bearnaissås
B4: Kommentar
C5: Niiinis
B6: Antal portioner
C7: 2
B8: Huvudrecept
C9: Ingrediens | D9: Kvantitet | E9: Enhet | F9: Kommentar
C10: Crème fraiche | D10: 2 | E10: dl
C11: Buljongtärning - grönsak | D11: 1 | E11: st
C12: Ägg | D12: 2 | E12: st | F12: Gulor
C13: Dragon - torkad
B14: Delrecept
C15: Recept
C16: Falsk bearnaisås
B17: Receptkategorier
C18: Kategori
C19: Såser & Röror
B20: Länk
B22: Tillredning

Sheet Recept
A1: Receptnamn | B1: Källa | C1: Kommentar | D1: Portioner | E1: Länk | F1: Receptnamn | G1: Källa | H1: Kommentar | I1: Portioner | J1: Länk
A2: Beef rendang | D2: 2 | F2: Beef rendang | I2: 2
A3: Biye Barir | D3: 2 | F3: Biye Barir | I3: 2
A4: Bun | D4: 2 | F4: Bun | I4: 2
A5: Chicken curry with potato | D5: 2 | F5: Chicken curry with potato | I5: 2
A6: Chicken Madras | D6: 4 | F6: Chicken Madras | I6: 4
A7: Chicken Pakora | D7: 4 | F7: Chicken Pakora | I7: 4
A8: Chicken Tikka Masala | D8: 4 | F8: Chicken Tikka Masala | I8: 4
A9: Chicken Vindaloo | D9: 4 | F9: Chicken Vindaloo | I9: 4
A10: Chiliolja | D10: 4 | F10: Chilioil | I10: 4
A11: Chilli momo | D11: 2 | F11: Chilli momo | I11: 2
A12: Devilled chicken | D12: 2 | F12: Devilled chicken | I12: 2
A13: Dipping sauce for bun | D13: 2 | F13: Dipping sauce for bun | I13: 2
A14: Filipino pork barbecue | C14: Detta blir ca 6 grillspett | D14: 2 | F14: Filipino pork barbecue | H14: 6 skewers | I14: 2
A15: Fiskkakor | C15: Detta blir ca 7 rätt stora kakor | D15: 2 | F15: Fish cakes | H15: Approximately 7 quite big cakes | I15: 2
A16: Garam masala | C16: Detta blir drygt 1 dl färdig krydda | D16: 4 | F16: Garam masala | H16: Approximately 1 dl spice | I16: 4
A17: Green curry chicken | D17: 2 | F17: Green curry chicken | I17: 2
A18: Ingefärs- och sesamköttbullar | D18: 4 | F18: Ginger- and sesame meatballs | I18: 4
A19: Korokke (Japanska kroketter) | D19: 4 | F19: Korokke (Japanska kroketter) | I19: 4
A20: Kyckling med cashewnötter | D20: 2 | F20: Chicken with cashewnuts | I20: 2
A21: Laab | D21: 2 | F21: Laab | I21: 2
A22: Marinad till chicken with potato | D22: 2 | F22: Marinade to chicken with potato | I22: 2
A23: Murgh kadhai | D23: 2 | F23: Murgh kadhai | I23: 2
A24: Myntasås (raita) | D24: 4 | F24: Mint sauce (raita) | I24: 4
A25: Nudlar med kryddig lammfärs | D25: 2 | F25: Noodles with spicy minced lamb | I25: 2
A26: Nuoc Cham (Dipping sauce till papayasallad) | D26: 2 | F26: Nuoc Cham (Dipping sauce to papaya salad) | I26: 2
A27: Pad Kra Pao | D27: 2 | F27: Pad Kra Pao | I27: 2
A28: Red curry chicken | D28: 2 | F28: Red curry chicken | I28: 2
A29: Roti | D29: 2 | F29: Roti | I29: 2
A30: Räkspett | C30: Detta blir 4 spett | D30: 2 | F30: Shrimp skewer | H30: 4 skewers | I30: 2
A31: Sataysås | D31: 2 | F31: Sataysauce | I31: 2
A32: Sesamnudlar med honungskyckling | D32: 2 | F32: Sesamnudlar med honungskyckling | I32: 2
A33: Spicy asian kycklingspett | C33: Detta blir ca 6 - 7 spett | D33: 2 | F33: Spicy asian chicken skewer | H33: 6 - 7 skewers | I33: 2
A34: Strimlad biff | D34: 2 | F34: Shredded beef | I34: 2
A35: Tom Yam | D35: 2 | F35: Tom Yam | I35: 2
A36: Wokade grönsaker med strimlat kött | D36: 2 | F36: Stir fried vegetables with shredded beef | I36: 2
A37: Wontondumplings | C37: Detta blir ca 50 st dumplingar | D37: 4 | F37: Wontondumplings | H37: Approx. 50 st dumplings | I37: 4
A38: Yakitori (kycklingspett) | C38: Detta blir ca 6 - 7 spett | D38: 2 | F38: Yakitori (chicken skewers) | H38: 6 - 7 skewers | I38: 2
A39: Yakitorisås | D39: 2 | F39: Yakitori sauce | I39: 2
A40: Bröd med fårost | D40: 2 | F40: Bread with cheep cheese | I40: 2
A41: Focaccia | D41: 4 | F41: Focaccia | I41: 4
A42: Fröknäcke | D42: 4 | F42: Seeds crispbread | I42: 4
A43: Vitlöksgrillade pitabröd | D43: 2 | F43: Grilld garlic pita bread | I43: 2
A44: Zabaglione | D44: 2 | F44: Zabaglione | I44: 2
A45: Fiskgratäng | D45: 2 | F45: Fish gratin | I45: 2
A46: Grava lax | D46: 4 | F46: Gravlax | I46: 4
A47: Matjesill med färskpotatis | D47: 2 | F47: Matjeshering with new potatoes | I47: 2
A48: Morbergska fisksoppan med saffran | D48: 4 | F48: Morbergska fish soup with saffron | I48: 4
A49: Gul fiskcurry | D49: 2 | F49: Yellow fishcurry | I49: 2
A50: Fläskfilé i krämig dragon- och senapssås | D50: 2 | F50: Pork fillet with creamy tarragon- and mustard sauce | I50: 2
... A54: Marinad till Mtsvadi cha shu shuli (Georgisk fläskköttgryta) | D54: 2 | F54: Marinade to Mtsvadi cha shu shuli (Georgian porkmeat stew) | I54: 2
A55: Bruschetta | C55: Detta är till 2 st | D55: 2 | F55: Bruschetta | H55: 2 pc | I55: 2
A56: Devilled eggs | D56: 2 | F56: Devilled eggs | I56: 2
A57: Gorgonzolabakade fikon | D57: 2 | F57: Gorgonzolabakd figs | I57: 2
A58: Gubbröra Per Morbergs | D58: 2 | F58: Old mans mix a la Per Morberg | I58: 2
A59: Räkförrätt med granatäpple | D59: 2 | F59: Shrimpstarter with pomegrenate | I59: 2
A60: Salsa med gravad lax och koriander | D60: 2 | F60: Salsa with gravlax and coriander | I60: 2
A61: Sirene po sjopski | D61: 2 | F61: Sirene po sjopski | I61: 2
A62: Snittar med rökt lax och pepparrot | D62: 4 | F62: Snackcuts with smoked salmon and horseradish | I62: 4
A63: Snittar med rökt lax, äpple och valnötter | D63: 4 | F63: Snackcuts with smoked salmon, apple nd walnut | I63: 4
A64: Biff boeuf bourguignon | D64: 2 | F64: Biff boeuf bourguignon | I64: 2
A65: Svinska kavarma | D65: 2 | F65: Svinska kavarma | I65: 2
A66: Viltgryta | D66: 4 | F66: Venison stew | I66: 4
A67: Fettucine med gorgonzola, persilja och valnötter | D67: 2 | F67: Fettuccine with gorgonzola, parsley and walnuts | I67: 2
... A72: Pesto | D72: 1 | F72: Pesto | I72: 1
A73: Pizza | C73: Detta är till 1 pizza I långpannan | D73: 2 | F73: Pizza | H73: Detta är till 1 pizza I långpannan | I73: 2
A74: Tomatsås till pizza | C74: Räcker till en pizza I långpanna | D74: 2 | F74: Tomato sauce to pizza | H74: Räcker till en pizza I långpanna | I74: 2
A75: Spaghetti al olio, aglio e peperoncino' | D75: 2 | F75: Spaghetti al olio, aglio e peperoncino' | I75: 2
A76: Spaghetti alle vongole | D76: 4 | F76: Spaghetti alle vongole | I76: 4
A77: Janssons frestelse | D77: 2 | F77: Jansson's temtation | I77: 2
A78: Caesarsallad | D78: 4 | F78: Caesar salad | I78: 4
A79: Carribbean reef chicken | D79: 2 | F79: Carribbean reef chicken | I79: 2
A80: Chicken Kiev | D80: 2 | F80: Chicken Kiev | I80: 2
A81: Chicken parmigiana | D81: 2 | F81: Chicken parmigiana | I81: 2
A82: Tomatsås till Chicken parmigiana | D82: 2 | F82: Tomato sauceto Chicken parmigiana | I82: 2
A83: Kyckling med dragonsås | D83: 2 | F83: Chicken with tarragon sauce | I83: 2
A84: Dragonsås | D84: 2 | F84: Tarragon sauce | I84: 2
A85: Aioli | D85: 2 | F85: Aioli | I85: 2
A86: Horiatiki | D86: 2 | F86: Horiatiki | I86: 2
... A105: Pytt I panna | D105: 2 | F105: Hash | I105: 2
A106: Albondigas | C106: Detta ger ca 8 st | D106: 2 | F106: Albondigas | H106: Approx 8 pc | I106: 2
A107: Cevapcici | C107: Detta ger ca 4 st stora | D107: 2 | F107: Cevapcici | H107: 4 big pc | I107: 2
A108: Hamburgare | C108: Detta ger ca 4 st stora | D108: 2 | F108: Ham burger | H108: 4 big pc | I108: 2
A109: Jordnöts- och limesås | D109: 2 | F109: Peanut-and lime sauce | I109: 2
A110: Järpar I senapssås | D110: 2 | F110: Järpar in mustard sauce | I110: 2
A111: Sås till köttbullar från Zimbabwe | D111: 2 | F111: Sauce to meatballs from Zimbabwe | I111: 2
A112: Köttbullar från Zimbabwe | D112: 2 | F112: Meatballs from Zimbabwe | I112: 2
A113: Köttfärspaj | C113: En stor rund form, typ 25 - 30 cm | D113: 4 | F113: Minced meat pie | H113: A big round form, approx 25 - 30 cm | I113: 4
A114: Lammfärskebab | D114: 2 | F114: Minced lamb kebab | I114: 2
A115: Shepherd's paj | D115: 4 | F115: Shepherd's pie | I115: 4
A116: Laxbiffar | D116: 2 | F116: Salmon steaks | I116: 2
A117: Marinad till Haitisk kyckling | D117: 2 | F117: Marinade to Haitian chicken | I117: 2
A118: Marinad till Picapollo | D118: 4 | F118: Marinade to Picapollo | I118: 4
A119: Marinad till Sesamnudlar med honungskyckling | D119: 2 | F119: Marinade to Sesame noodles with honey chicken | I119: 2
A120: Sås till Sesamnudlar med honungskyckling | D120: 2 | F120: Sauce to Sesame noodles with honey chicken | I120: 2
A121: Marinad till chicken curry with potato | D121: 2 | F121: Marinade to Chicken curry with potato | I121: 2
A122: Kantarellpaj med västerbottenost | C122: En stor rund form, typ 25 - 30 cm | D122: 4 | F122: Chantarelle pie with västerbotten cheese | H122: En stor rund form, typ 25 - 30 cm | I122: 4
A123: Klyftpotatis | D123: 2 | F123: Vedge potatoes | I123: 2
A124: Papas arrugadas | D124: 2 | F124: Papas arrugadas | I124: 2
A125: Puré picante | D125: 2 | F125: Puré picante | I125: 2
...

Sheet Receptingredienser
A1: Receptnamn | B1: Sekvens | C1: Ingrediens | D1: Kvantitet | E1: Enhet | F1: Kommentar | G1: Receptdel
A2: Beef rendang | B2: 1 | C2: Lök - schalotten | D2: 3 | E2: st
A3: Beef rendang | B3: 2 | C3: Galangal | D3: 1 | E3: cm
A4: Beef rendang | B4: 3 | C4: Citrongräs | D4: 3 | E4: st
A5: Beef rendang | B5: 4 | C5: Vitlök | D5: 4 | E5: klyftor
A6: Beef rendang | B6: 5 | C6: Ingefärsrot | D6: 2 | E6: tsk
A7: Beef rendang | B7: 6 | C7: Chili - frukter (torkad) | D7: 10 | E7: st
A8: Beef rendang | B8: 7 | C8: Nötkött | D8: 800 | E8: g | F8: Rib eye, scotch
A9: Beef rendang | B9: 8 | C9: Kanel - stång | D9: 1 | E9: st
A10: Beef rendang | B10: 9 | C10: Kryddnejlika - hel | D10: 2 | E10: st
A11: Beef rendang | B11: 10 | C11: Stjärnanis | D11: 2 | E11: st
A12: Beef rendang | B12: 11 | C12: Kardemumma - kapslar | D12: 2 | E12: msk
A13: Beef rendang | B13: 12 | C13: Kokoskräm | D13: 2 | E13: dl
A14: Beef rendang | B14: 13 | C14: Vatten | D14: 2 | E14: dl
A15: Beef rendang | B15: 14 | C15: Tamarind | D15: 1 | E15: tsk
A16: Beef rendang | B16: 15 | C16: kaffirlimeblad | D16: 3 | E16: st | F16: Finhackade
A17: Beef rendang | B17: 16 | C17: Kokosflarn | D17: 3 | E17: msk
A18: Beef rendang | B18: 17 | C18: Socker - palm | D18: 0.5 | E18: msk
A19: Beef rendang | B19: 18 | C19: Salt
A20: Biye Barir | B20: 1 | C20: Gurkmeja | D20: 4 | E20: tsk
A21: Biye Barir | B21: 2 | C21: Salt | D21: 4 | E21: tsk
A22: Biye Barir | B22: 3 | C22: Olja - mat | D22: 3.5 | E22: dl
A23: Biye Barir | B23: 4 | C23: Smör | D23: 1 | E23: msk
A24: Biye Barir | B24: 5 | C24: Kanel - stång | D24: 1 | E24: st
A25: Biye Barir | B25: 6 | C25: Kryddnejlika - hel | D25: 2 | E25: st
A26: Biye Barir | B26: 7 | C26: Kardemumma - kapslar | D26: 2 | E26: st
A27: Biye Barir | B27: 8 | C27: Lök - gul | D27: 1 | E27: st | F27: Hackad, inte för fint
A28: Biye Barir | B28: 9 | C28: Ingefärspasta | D28: 1.5 | E28: msk
A29: Biye Barir | B29: 10 | C29: Vitlökspasta | D29: 1.5 | E29: msk
A30: Biye Barir | B30: 11 | C30: Chili - pulver | D30: 1 | E30: msk
A31: Biye Barir | B31: 12 | C31: Spiskummin | D31: 2 | E31: msk
A32: Biye Barir | B32: 13 | C32: Garam masala | D32: 3 | E32: msk
A33: Biye Barir | B33: 14 | C33: Vatten | D33: 5 | E33: dl
A34: Biye Barir | B34: 15 | C34: Socker - strö | D34: 1 | E34: tsk
A35: Biye Barir | B35: 16 | C35: Lök - torkad | D35: 2 | E35: dl
A36: Biye Barir | B36: 17 | C36: Chili - grön | D36: 3 | E36: st
A37: Biye Barir | B37: 18 | C37: Chili - röd | D37: 3 | E37: st
A38: Biye Barir | B38: 19 | C38: Matlagningsyoghurt | D38: 1.5 | E38: dl
A39: Biye Barir | B39: 20 | C39: Russin | D39: 0.5 | E39: dl
... A43: Bun | B43: 2 | C43: Nudlar - ris | D43: 100 | E43: g
A44: Bun | B44: 3 | C44: Nötkött | D44: 300 | E44: g | F44: Sirloin (tunna mindre bitar)
A45: Bun | B45: 4 | C45: Fisksås | D45: 1 | E45: msk
A46: Bun | B46: 5 | C46: Vitlök | D46: 3 | E46: klyftor | F46: Pressade
A47: Bun | B47: 6 | C47: Citrongräs | D47: 1.5 | E47: msk | F47: Bara det fina mjuka köttet
A48: Bun | B48: 7 | C48: Sallad - isberg | D48: 6 | E48: st
A49: Bun | B49: 8 | C49: Lök - vår | D49: 4 | E49: st | F49: Tunna skivor
A50: Bun | B50: 9 | C50: Morot | D50: 1 | E50: dl | F50: Fina tunna 4-5 cm stänger
A51: Bun | B51: 10 | C51: Gurka | D51: 1 | E51: dl | F51: Fina tunna 4-5 cm stänger
A52: Bun | B52: 11 | C52: Rättika | D52: 1 | E52: dl | F52: Fina tunna 4-5 cm stänger
A53: Bun | B53: 12 | C53: Koriander - färsk | D53: 0.5 | E53: dl | F53: Både blad och kvist
A54: Bun | B54: 13 | C54: Myntablad | D54: 0.5 | E54: dl
A55: Bun | B55: 14 | C55: Perilla leaves (Shiso) | D55: 0.5 | E55: dl
A56: Bun | B56: 15 | C56: Jordnötter | D56: 2 | E56: msk | F56: Rostade och osaltade
A57: Bun | B57: 16 | C57: Lök - schalotten | D57: 3 | E57: st
A58: Bun | B58: 17 | C58: Böngroddar | D58: 1 | E58: dl
A59: Bun | B59: 18 | C59: Basilika - thai & fresh | D59: 0.5 | E59: dl
A60: Dipping sauce for bun | B60: 1 | C60: Socker - farin | D60: 2 | E60: msk
A61: Dipping sauce for bun | B61: 2 | C61: Vinäger - ris (japansk) | D61: 1.5 | E61: msk
A62: Dipping sauce for bun | B62: 3 | C62: Limejuice | D62: 2 | E62: msk
A63: Dipping sauce for bun | B63: 4 | C63: Fisksås | D63: 2 | E63: msk
A64: Dipping sauce for bun | B64: 5 | C64: Vitlök | D64: 2 | E64: klyftor
A65: Dipping sauce for bun | B65: 6 | C65: Ingefärsrot | D65: 3 | E65: tsk
A66: Dipping sauce for bun | B66: 7 | C66: Chili - röd | D66: 5 | E66: st
A67: Dipping sauce for bun | B67: 8 | C67: Vatten | D67: 1 | E67: dl
A68: Chicken curry with potato | B68: 1 | C68: Kyckling - tenderloin | D68: 400 | E68: g
A69: Chicken curry with potato | B69: 2 | C69: Potatis | D69: 4 | E69: st | F69: Halvstora
A70: Chicken curry with potato | B70: 3 | C70: Mjöl - vete | D70: 3 | E70: msk
A71: Chicken curry with potato | B71: 4 | C71: Tomat | D71: 1 | E71: st | F71: Strimlad
A72: Chicken curry with potato | B72: 5 | C72: Lök - gul | D72: 1 | E72: st | F72: Stor finhackad
A73: Chicken curry with potato | B73: 6 | C73: Ingefärspasta | D73: 2 | E73: tsk
A74: Chicken curry with potato | B74: 7 | C74: Vitlökspasta | D74: 2 | E74: tsk
A75: Chicken curry with potato | B75: 8 | C75: Chili - pulver | D75: 0.5 | E75: msk
A76: Chicken curry with potato | B76: 9 | C76: Olja - chili | D76: 2 | E76: msk
A77: Chicken curry with potato | B77: 10 | C77: Gurkmeja | D77: 0.5 | E77: tsk
A78: Chicken curry with potato | B78: 11 | C78: Koriander - färsk | D78: 0.5 | E78: dl | F78: Finhackad
A79: Chicken curry with potato | B79: 12 | C79: Koriander - thai | D79: 1 | E79: msk | F79: Finhackad
A80: Chicken curry with potato | B80: 13 | C80: Curryblad | D80: 8 | E80: st | F80: Hela
A81: Chicken curry with potato | B81: 14 | C81: Vatten | D81: 2 | E81: dl
A82: Marinad till chicken curry with potato | B82: 1 | C82: Ingefärspasta | D82: 1.5 | E82: tsk
A83: Marinad till chicken curry with potato | B83: 2 | C83: Vitlökspasta | D83: 1.5 | E83: tsk
A84: Marinad till chicken curry with potato | B84: 3 | C84: Lök - gul | D84: 1 | E84: st | F84: Finhackad
A85: Marinad till chicken curry with potato | B85: 4 | C85: Garam masala | D85: 2 | E85: tsk
A86: Marinad till chicken curry with potato | B86: 5 | C86: Salt | D86: 1 | E86: tsk
A87: Marinad till chicken curry with potato | B87: 6 | C87: Kycklingsalt | D87: 1 | E87: tsk
A88: Chicken Madras | B88: 1 | C88: Kyckling - tenderloin | D88: 700 | E88: g
A89: Chicken Madras | B89: 2 | C89: Chili - röd | D89: 3 | E89: st
A90: Chicken Madras | B90: 3 | C90: Olja - mat | D90: 5 | E90: msk
A91: Chicken Madras | B91: 4 | C91: Kryddnejlika - hel | D91: 3 | E91: st
A92: Chicken Madras | B92: 5 | C92: Kardemumma - kapslar | D92: 2 | E92: st
A93: Chicken Madras | B93: 6 | C93: Lök - gul | D93: 2 | E93: st | F93: Stora finhackade
A94: Chicken Madras | B94: 7 | C94: Ingefärsrot | D94: 3 | E94: tsk | F94: Finhackad
A95: Chicken Madras | B95: 8 | C95: Vitlök | D95: 4 | E95: klyftor | F95: Pressade
A96: Chicken Madras | B96: 9 | C96: Chili - pulver | D96: 1 | E96: tsk
A97: Chicken Madras | B97: 10 | C97: Spiskummin - pulver | D97: 0.5 | E97: tsk
A98: Chicken Madras | B98: 11 | C98: Koriander - pulver | D98: 0.5 | E98: tsk
A99: Chicken Madras | B99: 12 | C99: Gurkmeja | D99: 1 | E99: tsk
A100: Chicken Madras | B100: 13 | C100: Salt
A101: Chicken Madras | B101: 14 | C101: Muskotnöt | D101: 1 | E101: tsk
A102: Chicken Madras | B102: 15 | C102: Tomatpuré | D102: 200 | E102: g
A103: Chicken Madras | B103: 16 | C103: Koriander - färsk
...

Sheet Receptkategorisering
A1: Receptnamn | B1: Paj
A2: Ädelostcrostini (fast på kavring) | B2: Förrätter
A3: Ädelostcrostini (fast på kavring) | B3: Lunch
A4: Ädelostcrostini (fast på kavring) | B4: Snacks
A5: Adobo seasoning | B5: Kryddor
A6: Äggmuffins | B6: Lunch
A7: Aioli | B7: Såser & Röror
A8: Albondigas | B8: Köttfärs
A9: Albondigas | B9: Tapas
A10: Ångad kyckling från Bahamas | B10: Kyckling
A11: Baba ganush | B11: Såser & Röror
A12: Baharat | B12: Kryddor
... A584: Fänkål- and sellerisoppa | B584: Soppa

Sheet Delrecept
A1: Receptnamn | B1: Sekvens | C1: Delreceptnamn
A2: Bla bla | B2: 1 | C2: Niinis mumsiga sås
A3: Bun | B3: 1 | C3: Dipping sauce for bun
A4: Chicken curry with potato | B4: 1 | C4: Marinad till chicken curry with potato
A5: Chicken Pakora | B5: 1 | C5: Myntasås (raita)
A6: Chicken Tikka Masala | B6: 1 | C6: Roti
A7: Chicken Vindaloo | B7: 1 | C7: Roti
A8: Wontondumplings | B8: 1 | C8: Chiliolja
A9: Chilli momo | B9: 1 | C9: Wontondumplings
A10: Filipino pork barbecue | B10: 1 | C10: Marinad till filipino pork barbecue
A11: Fiskkakor | B11: 1 | C11: Jordnöts- och limesås
A12: Ingefärs- och sesamköttbullar | B12: 1 | C12: Sesamsås till Ingefärs- och sesamköttbullar
A13: Sesamnudlar med honungskyckling | B13: 1 | C13: Marinad till Sesamnudlar med honungskyckling
... A88: Bbq-kycklingsallad | B88: 2 | C88: Picklad rödlök

Sheet Tillredning
A1: Receptnamn | B1: Sekvens | C1: Åtgärd
A2: Bla bla | B2: 1 | C2: Borsta
A3: Bla bla | B3: 2 | C3: Skala
A4: Beef rendang | B4: 1 | C4: Blötlägg chilin i ca 2 timmar och ta sen ur fröna
A5: Beef rendang | B5: 2 | C5: Mixa lök, 2 citrongräs, vitlök, ingefära och chili till en pasta
A6: Beef rendang | B6: 3 | C6: Hetta upp olja I stekpannannan och tillsätt kryddpastan, kanel, kryddnejlika, stjärnanis och kardemumman tills det doftar, typ några minuter
A7: Beef rendang | B7: 4 | C7: Tillsätt köttet och den sparade citrongräset och stek I en minut
A8: Beef rendang | B8: 5 | C8: Tillsätt kokoskräm, tamarind och vatten och koka tills köttet är nästan klart
A9: Beef rendang | B9: 6 | C9: Woka kokosflarnen I en torr wok panna tills de är gyllenbruna (kerisik)
A10: Beef rendang | B10: 7 | C10: Tillsätt finhackade keffirlimeblad, kerisik, palmsocker och blanda väl
A11: Beef rendang | B11: 8 | C11: Sänk värmen, sätt på ett lock och låt småkoka I 1 - 1,5 timmar
A12: Biye Barir | B12: 1 | C12: Stycka, snitta och gnid in kycklingen I salt och gurkmeja
A13: Biye Barir | B13: 2 | C13: Hetta upp olja I woken och lägg I kanelstången, kardemummakapslarna och kryddnejlikan och fritera kycklingen så att den blir gyllenbrun. Inte för länge. Sätt åt sidan.
... A1105: Korean steak salad | B1105: 1 | C1105: Blanda alla ingredienserna till marinaden och lägg I köttet. Låt stå I rumstemperatur medan du förbereder dressingen och grönsakerna
A1106: Korean steak salad | C1106: Rör samman ingredienserna till dressingen
A1107: Korean steak salad | C1107: Skiva lök tunt, dela tomater, strimla gurka, strimla rättika tunt med mandolin och blanda allt med salladen
A1108: Korean steak salad | C1108: Låt köttet rinna av och stek sen på hög värme och skär I tunna skivor
A1109: Korean steak salad | C1109: Lägg alla grönsakerna på ett stort fat, lägg köttet överst och ringla över dressingen. Strössla över sesamfrön och pumpakärnor
A1110: Pepparbiff med fransk senapsås | B1110: 1 | C1110: Sätt ugnen på 150°.
A1111: Pepparbiff med fransk senapsås | B1111: 2 | C1111: Blanda tomaterna med olja och krydda med salt och peppar. Baka i ugnen i 30 minuter.
A1112: Pepparbiff med fransk senapsås | B1112: 3 | C1112: Forma 4 biffar av färsen. Krossa pepparkornen i mortel. Krydda biffarna runt om med salt och pepparkross.
A1113: Pepparbiff med fransk senapsås | B1113: 4 | C1113: Bryn biffarna i smör i stekpanna, stek klart på medelvärme i ca 5 minuter per sida. Flambera eventuellt i konjak. Ta upp biffarna och håll dem varma.
A1114: Pepparbiff med fransk senapsås | B1114: 5 | C1114: Skala och hacka löken och fräs den i pannan. Späd med fond, vatten och grädde, koka upp. Rör i senap, smaka av med salt.
A1115: Pepparbiff med fransk senapsås | B1115: 6 | C1115: Lägg biffarna i såsen och koka ett par minuter. Lägg i tomaterna. Servera med klyftpotatis och picklad gurka.
A1116: Sötsyrlig nudelwok med heta ingefärsräkor | B1116: 1 | C1116: Hetta upp oljan I en kastrull tills den nästan ryker. Lägg I pressad vitlök, ingerfära, chiliflakes, paprikapulver och en nypa salt. Rör run t och lägg sen I räkorna ett par minuter tills dom är rosa och klara. Sätt åt sidan.
A1117: Sötsyrlig nudelwok med heta ingefärsräkor | B1117: 2 | C1117: Woksås: Blanda oystersås, chilisås, lime juice och fisksås.
A1118: Sötsyrlig nudelwok med heta ingefärsräkor | B1118: 3 | C1118: Koka nudlarna enligt beskrivning på förpackningen. Skölj i iskallt vatten och låt rinna av ordentligt.
A1119: Sötsyrlig nudelwok med heta ingefärsräkor | B1119: 4 | C1119: Hetta upp en wok till rykande het. Häll I nån matsked olja och lägg I en hafckad vitlök, purjolök, gurka och paprika. Låt fräsa på hög värme tills det fått lite färg.
A1120: Sötsyrlig nudelwok med heta ingefärsräkor | B1120: 5 | C1120: Tillsätt nudlar, sockerrärter och woksåsen. Vänd runt och låt allt fräsa I någon minut
A1121: Sötsyrlig nudelwok med heta ingefärsräkor | B1121: 6 | C1121: Vänd upp på två tallrikar och toppa med räkorna och den färska koriandern
... A1290: Himmelskt god röra med kallrökt lax och räkor | B1290: 3 | C1290: Servera I baguette eller ugnsbakad potatis.
A1291: Bulgogilax
A1292: Ugnsrostad bulgogikyckling med klyftpotatis och chilimajonnäs
A1293: Spaghetti alla carbonara
A1294: Korv Stroganoff | B1294: 1 | C1294: Skär korven i strimlor och stek den i olja tills den börjat få färg
A1295: Korv Stroganoff | B1295: 2 | C1295: Tillsätt löken och fräs tills den mjuknat
A1296: Korv Stroganoff | B1296: 3 | C1296: Tillsätt tomatpurén och blanda runt
A1297: Korv Stroganoff | B1297: 4 | C1297: I med grädden, senapen och den pressade vitlöken
A1298: Korv Stroganoff | B1298: 5 | C1298: Salta och peppra och låt puttra tills grädden tjocknat lite
A1299: Korv Stroganoff | B1299: 6 | C1299: Servera med ris
A1300: Fläskfilégryta med bacon | B1300: 1 | C1300: Skiva köttet i 1 cm tjocka skivor. Tärna bacon och hacka rödlöken
A1301: Fläskfilégryta med bacon | B1301: 2 | C1301: Stek köttet i smör så att skivorna får fin färg i en rymlig stekpanna, salta och peppra.
A1302: Fläskfilégryta med bacon | B1302: 3 | C1302: Lyft ur köttet och stek baconet tills det börjar få färg. Lägg i löken och stek med tills den är mjuk.
A1303: Fläskfilégryta med bacon | B1303: 4 | C1303: Lägg tillbaka köttet samt grädde, dijonsenap, timjan och soja och rör samman och låt sjuda ca 5 minuter.
A1304: Fläskfilégryta med bacon | B1304: 5 | C1304: Smaka av med salt och peppar
A1305: Koreansk friterad kyckling | B1305: 1 | C1305: Skala och finhacka vitlöken och stek mjuk olja i en liten kastrull. Tillsätt övriga ingredienser och låt koka ihop 10-15 minuter utan lock till en klibbig sås. Ställ åt sidan.
... A1326: Geschnetzeltes | B1326: 5 | C1326: Strö över hackad persilja.

Sheet Ingredienser
A1: Ädelost | B1: g | C1: Blue cheese | D1: g | E1: =MATCH(A1,Kalorilista!A:A,0) -> #N/A
A2: Ägg | B2: st | C2: Egg | D2: pc | E2: =MATCH(A2,Kalorilista!A:A,0) -> 266
A3: Ajvar relish | B3: tsk | C3: Ajvar relish | D3: tsp | E3: =MATCH(A3,Kalorilista!A:A,0) -> #N/A
A4: Anjovisfilé | B4: g | C4: Swedish anchovies fillet | D4: g | E4: =MATCH(A4,Kalorilista!A:A,0) -> #N/A
A5: Anjovisspad | B5: msk | C5: Swedish anchovy brine | D5: tbsp | E5: =MATCH(A5,Kalorilista!A:A,0) -> #N/A
A6: Apelsin | B6: st | C6: Orange | D6: pc | E6: =MATCH(A6,Kalorilista!A:A,0) -> 106
A7: Apelsinjuice | B7: dl | C7: Orange juice | D7: dl | E7: =MATCH(A7,Kalorilista!A:A,0) -> 109
A8: Äpple | B8: st | C8: Apple | D8: pc | E8: =MATCH(A8,Kalorilista!A:A,0) -> 127
A9: Äpplejuice | B9: dl | C9: Apple juice | D9: dl | E9: =MATCH(A9,Kalorilista!A:A,0) -> #N/A
A10: Ättika | B10: dl | C10: Vinegar | D10: dl | E10: =MATCH(A10,Kalorilista!A:A,0) -> #N/A
A11: Aubergine | B11: st | C11: Aubergine | D11: pc | E11: =MATCH(A11,Kalorilista!A:A,0) -> 34
A12: Avocado | B12: st | C12: Avocado | D12: pc | E12: =MATCH(A12,Kalorilista!A:A,0) -> #N/A
... A60: Citronsaft | B60: tsk | C60: Lemon juice | D60: tsp | E60: =MATCH(A60,Kalorilista!A:A,0) -> #N/A
A61: Citronzest | B61: tsk | C61: Lemon zest | E61: =MATCH(A61,Kalorilista!A:A,0) -> #N/A
A62: Cognac | B62: msk | C62: Cognac | D62: tbsp | E62: =MATCH(A62,Kalorilista!A:A,0) -> #N/A
A63: Couscous | B63: dl | C63: Couscous | D63: dl | E63: =MATCH(A63,Kalorilista!A:A,0) -> 426
A64: Crème fraiche | B64: g | C64: Crème fraiche | D64: g | E64: =MATCH(A64,Kalorilista!A:A,0) -> #N/A
A65: Creolekrydda | B65: tsk | C65: Creole spice | D65: tsp | E65: =MATCH(A65,Kalorilista!A:A,0) -> #N/A
A66: Curry | B66: tsk | C66: Curry spice | D66: tsp | E66: =MATCH(A66,Kalorilista!A:A,0) -> #N/A
A67: Curryblad | B67: st | C67: Curry leaf | D67: pc | E67: =MATCH(A67,Kalorilista!A:A,0) -> #N/A
A68: Currypasta - grön | B68: g | C68: Curry paste - green | D68: g | E68: =MATCH(A68,Kalorilista!A:A,0) -> #N/A
A69: Currypasta - gul | B69: g | C69: Curry paste - yellow | D69: g | E69: =MATCH(A69,Kalorilista!A:A,0) -> #N/A
A70: Currypasta - röd | B70: g | C70: Curry paste - red | D70: g | E70: =MATCH(A70,Kalorilista!A:A,0) -> #N/A
A71: Digestivekex | B71: st | C71: Digestive biscuit | D71: pc | E71: =MATCH(A71,Kalorilista!A:A,0) -> 468
A72: Dijonsenap | B72: tsk | C72: Dijon mustard | D72: tsp | E72: =MATCH(A72,Kalorilista!A:A,0) -> #N/A
A73: Dill | B73: knippe | C73: Dill | D73: bunch | E73: =MATCH(A73,Kalorilista!A:A,0) -> 128
... A172: Kyckling - bröstinnerfilé | B172: g | C172: Chicken - tenderloin | D172: g | E172: =MATCH(A172,Kalorilista!A:A,0) -> #N/A
A173: Kyckling - lår | B173: st | C173: Chicken - thighs | D173: pc
A174: Kyckling - hel | B174: g | C174: Chicken - hole | D174: g | E174: =MATCH(A174,Kalorilista!A:A,0) -> #N/A
A175: Kycklingsalt | B175: tsk | C175: Chicken salt | D175: tsp | E175: =MATCH(A175,Kalorilista!A:A,0) -> #N/A
A176: Kyndel | B176: tsk | C176: Savory | D176: tsp | E176: =MATCH(A176,Kalorilista!A:A,0) -> #N/A
A177: Lagerblad | B177: st | C177: Bay leaves | D177: pc | E177: =MATCH(A177,Kalorilista!A:A,0) -> #N/A
A178: Lammcurry masala | B178: g | C178: Lamb curry masala | D178: g | E178: =MATCH(A178,Kalorilista!A:A,0) -> #N/A
A179: Lammkorv | B179: st | C179: Lamb sausage | D179: pc | E179: =MATCH(A179,Kalorilista!A:A,0) -> #N/A
A180: Lammkotletter | B180: st | C180: Lamb chop | D180: pc | E180: =MATCH(A180,Kalorilista!A:A,0) -> #N/A
A181: Lammkött | B181: g | C181: Lamb | D181: g | E181: =MATCH(A181,Kalorilista!A:A,0) -> #N/A
A182: Larbkrydda | B182: g | C182: Larb spice | D182: g | E182: =MATCH(A182,Kalorilista!A:A,0) -> #N/A
A183: Lasagneplattor | B183: st | C183: Lasagne plates | D183: pc | E183: =MATCH(A183,Kalorilista!A:A,0) -> #N/A
A184: Lättfil | B184: dl | C184: Light buttermilk | D184: dl | E184: =MATCH(A184,Kalorilista!A:A,0) -> #N/A
A185: Lax | B185: g | C185: Salmon | D185: g | E185: =MATCH(A185,Kalorilista!A:A,0) -> 305
... A373: Vinäger - vitvins | B373: msk | C373: Vinegar - white wine | D373: tbsp | E373: =MATCH(A373,Kalorilista!A:A,0) -> #N/A
A374: Vinäger - rödvins | B374: msk | C374: Vinegar - red wine | D374: tbsp
A375: Vispgrädde | B375: dl | C375: Whipped cream | D375: dl | E375: =MATCH(A375,Kalorilista!A:A,0) -> #N/A
A376: Vitkål | B376: g | C376: Cabbage | D376: g | E376: =MATCH(A376,Kalorilista!A:A,0) -> 35
A377: Vitlök | B377: klyftor | C377: Garlic | D377: cloves | E377: =MATCH(A377,Kalorilista!A:A,0) -> 280
A378: Vitlökspasta | B378: tsk | C378: Garlic paste | D378: tsp | E378: =MATCH(A378,Kalorilista!A:A,0) -> 244
A379: Vitlökspulver | B379: tsk | C379: Garlic powder | D379: tsp | E379: =MATCH(A379,Kalorilista!A:A,0) -> #N/A
A380: Vitpeppar | B380: tsk | C380: White pepper | D380: tsp | E380: =MATCH(A380,Kalorilista!A:A,0) -> #N/A
A381: Vitpeppar - hela korn | B381: msk | C381: White pepper - whole | D381: pc
A382: Vongolemusslor | B382: kg | C382: Vongole mussels | D382: kg | E382: =MATCH(A382,Kalorilista!A:A,0) -> #N/A
A383: Wonton wrappers | B383: st | C383: Wonton wrappers | D383: pc | E383: =MATCH(A383,Kalorilista!A:A,0) -> 355
A384: Worcestershire-sås | B384: msk | C384: Worcestershire sauce | D384: tbsp | E384: =MATCH(A384,Kalorilista!A:A,0) -> #N/A
A385: Yoghurt | B385: dl | C385: Yoghurt | D385: dl | E385: =MATCH(A385,Kalorilista!A:A,0) -> #N/A
A386: Zuccini | B386: st | C386: Succhini | D386: pc | E386: =MATCH(A386,Kalorilista!A:A,0) -> #N/A
A387: Chevre | B387: g | C387: Chevre | D387: g | E387: =MATCH(A387,Kalorilista!A:A,0) -> #N/A
A388: Whisky | B388: dl | C388: Whiskey | D388: dl | E388: =MATCH(A388,Kalorilista!A:A,0) -> #N/A
A389: Portabellosvamp | B389: g | C389: Portabello mushroom | D389: g | E389: =MATCH(A389,Kalorilista!A:A,0) -> #N/A
A390: Tofu skinn | B390: g | C390: Bean curd skin | D390: g | E390: =MATCH(A390,Kalorilista!A:A,0) -> #N/A
A391: Five spice krydda | B391: tsk | C391: Five spice powder | D391: tsp | E391: =MATCH(A391,Kalorilista!A:A,0) -> #N/A
A392: Worcestersås | B392: msk | C392: Worcester sauce | D392: tbsp | E392: =MATCH(A392,Kalorilista!A:A,0) -> #N/A
A393: Selleriblad | B393: msk | C393: Celery leaves | D393: tbsp | E393: =MATCH(A393,Kalorilista!A:A,0) -> #N/A
... A410: Kimchi | B410: dl | C410: Kimchi | D410: dl | E410: =MATCH(A410,Kalorilista!A:A,0) -> #N/A

Sheet Receptkategorier
A1: Asiatiskt
A2: Bröd
A3: Efterrätter
A4: Fisk
A5: Fläskfilé
A6: Förrätter
A7: Grytor
A8: Italienskt
A9: Jul
A10: Kryddor
A11: Kyckling
A12: Kött
... A32: Svensk husman

Sheet Måttenhet
A1: ark | B1: ark | C1: sheet
A2: burk | B2: burk | C2: jar
A3: cl | B3: centiliter | C3: cl
A4: cm | B4: centimeter | C4: cm
A5: dl | B5: deciliter | C5: dl
A6: flaska | B6: flaska | C6: bottle
A7: fpk | B7: förpackning | C7: pack
A8: g | B8: gram | C8: g
A9: hg | B9: hektogram | C9: hg
A10: kg | B10: kilo | C10: kg
A11: klyfta | B11: klyfta | C11: clove | D11: wedge
A12: knippe | B12: knippe | C12: bunch
A13: krm | B13: kryddmått | C13: pinch
A14: kruka | B14: kruka | C14: pot
A15: kvist | B15: kvist | C15: sprig
A16: l | B16: liter | C16: l
A17: låda | B17: låda | C17: box
A18: limpa | B18: limpa | C18: loaf
A19: mg | B19: milligram | C19: mg
A20: ml | B20: milliliter | C20: ml
A21: msk | B21: matsked | C21: tbsp
A22: nypa | B22: nypa | C22: pinch
A23: paket | B23: paket | C23: packet
... A30: tub | B30: tum | C30: tube

Sheet Nya maträtter
A1: Tavë kosi | B1: Matfilen | F1: Tavë kosi | G1: Matfilen
A2: Carbonnade flamande | F2: Carbonnade flamande
A3: Kanda | F3: Kanda
A4: Empanadas de horno | F4: Empanadas de horno
A5: Kofta | F5: Kofta
A6: Saganaki | F6: Saganaki
A7: Taramosalata | F7: Taramosalata
A8: Poulet à la haïtienne | F8: Poulet à la haïtienne
A9: Baleadas | F9: Baleadas
A10: Jerk chicken | F10: Jerk chicken
A11: Tonkatsusås | F11: Tonkatsusås
A12: Somlar kari saek mouan | F12: Somlar kari saek mouan
A13: Dumplings | F13: Dumplings
... A18: Pommes duchesse | F18: Pommes duchesse

Sheet Kalorilista
B1: Omräkningsfaktor
A2: Namn | B2: Mängd | C2: Enhet | D2: Vikt (g) | E2: kcal/100g
A3: Böngroddar | E3: 0
A4: Havssalt | E4: 0
A5: Mineralvatten | E5: 0
A6: Salt | E6: 0
A7: Salt | E7: 0
A8: Sambal oelek | E8: 0
A9: Sodavatten | E9: 0
A10: Sriracha | E10: 0
A11: Vatten | E11: 0
A12: Kaffe | E12: 2
A13: Fiskbuljong | E13: 4.2
A14: Hönsbuljong | E14: 4.7
... A348: Färs - fläsk fett 20 % | E348: 241.9
A349: Punsch 26 vol. % | B349: 3 | C349: cl | D349: 30 | E349: 244.3
A350: Messmör fett 2 % | E350: 245.2
A351: Grillkorv fett ca 18 % | E351: 245.9
A352: Frukt torkad | E352: 249.4
A353: Fläskkorv rå fett ca 23 % | E353: 249.9
A354: Isterband fett ca19 % | E354: 255.6
A355: Wonton wrappers | E355: 256
A356: Falukorv fett 23 % | E356: 256.6
A357: Wienerkorv fett 23 % | E357: 257
A358: Hönskött m skinn | E358: 261.7
A359: Majonnäs fett 26 % | E359: 264
A360: Grädde fett 27 % | E360: 264.2
A361: Vinbärsgelé svart | E361: 265.7
... A381: Röda bönor | E381: 297.7
A382: Tortilla | B382: 1 | C382: st | D382: 40 | E382: 297.8
A383: Leverpastej skivbar fett ca 26 % | E383: 299
A384: Russin | E384: 299
A385: Linser | E385: 303.4
A386: Nypon - torkade | E386: 303.7
A387: Grahamsmjöl | E387: 309.3
A388: Matjessill | E388: 314
A389: Croissant | B389: 1 | C389: st | D389: 65 | E389: 314.6
A390: Matfett fett 35 | E390: 317.6
A391: Mjöl - råg | E391: 318.7
A392: Mjöl - vete | E392: 318.7
A393: Chilli chicken masala, pulver | E393: 320
A394: Masala | E394: 320
A395: Sötpotatisnudlar | E395: 321
A396: Coppa | E396: 321.4
A397: Havrekli | E397: 321.9
A398: Vetegroddar | E398: 322.8
A399: Torrjäst | E399: 322.9
A400: Creme Fraiche fett 34 % | E400: 323.5
A401: Sirap ljus | E401: 325
... A414: Kokosnöt | E414: 335.3
A415: Knäckebröd | B415: 1 | C415: skivor | D415: 11.5 | E415: 336
A416: Hårdost fett 26 % | E416: 336.8
A417: Mjöl - ris | E417: 342.8
A418: Cantadou fett 33 % | E418: 343.4
A419: Bacon | E419: 344.5
A420: Mannagryn | E420: 345.9
A421: Hirs | E421: 347.8
A422: Mesost fett 9 % | E422: 347.8
A423: Gelatinblad | E423: 350.3
A424: Nudlar - glas | E424: 350.4
A425: Ål | E425: 351.1
A426: Couscous | E426: 351.8
A427: Majsstärkelse | E427: 351.9
... A461: Blå Castello fett 43 % | E461: 429.4
A462: Flat bread | B462: 1 | C462: st | D462: 1.8 | E462: 446
A463: Parmesanost fett 30 % | E463: 448.9
A464: Mandelmassa | E464: 452.9
A465: Gåsleverpastej | E465: 454.5
A466: Mesost fett ca 30 % | E466: 456.3
A467: Pepparkakor | E467: 456.7
A468: Digestivekex | E468: 469.5
A469: Bragokex | E469: 476
A470: Salami fett 45 % | E470: 484.1
A471: Majschips | E471: 495.6
A472: Tofuskinn torkat | E472: 500
A473: Margarin fett 60 % | E473: 533.4
A474: Hollandaisesås | E474: 546.2
... A509: Mango chutney | E509: 1087
A510: Glögg starkvin 16% | B510: 6 | C510: cl | D510: 60
A511: Glögg vinglögg 10% | B511: 6 | C511: cl | D511: 60
A512: Hamburgebröd | B512: 1 | C512: st | D512: 50
A513: Korvbröd | B513: 2 | C513: st | D513: 55
A514: Pitabröd | B514: 1 | C514: st | D514: 65
A515: Tacoskal | B515: 2 | C515: st | D515: 25
